{"crash": 0, "TP calls": 15, "OD calls": 12, "elapsed time for LLM": [2.4583580493927, 1.0654058456420898, 1.6290960311889648, 1.0485398769378662, 1.8489012718200684, 0.9572317600250244, 2.6841399669647217, 0.8984489440917969, 1.0719821453094482, 1.2120640277862549, 2.0868048667907715, 1.0606269836425781, 1.5612716674804688, 1.9051799774169922, 1.2508690357208252, 1.2900972366333008, 1.4719977378845215, 0.9396829605102539, 1.5338797569274902, 1.3282108306884766, 1.412475824356079, 1.0718750953674316, 1.3168120384216309, 1.131695032119751, 1.5107951164245605, 1.02386474609375, 1.5001120567321777], "too_near": 0, "fail solver MPC LLM": 10, "fail solver SF": 0, "Mean time for LLM": 1.417422921569259}