{"crash": 0, "TP calls": 3, "OD calls": 3, "elapsed time for LLM": [1.2552130222320557, 1.1486210823059082, 1.335960865020752, 1.265099048614502, 1.19069504737854, 1.1587190628051758], "too_near": 0, "fail solver MPC LLM": 0, "fail solver SF": 0, "fail solver soft SF": 0, "slack SF": [], "motivation": "End simulation: because the position of LLM car is near enough to the the final target.", "Mean time for LLM": 1.2257180213928223}