{"crash": 0, "LLM calls": 13, "elapsed time for LLM": [1.500298023223877, 5.537407875061035, 1.4054811000823975, 1.467947006225586, 2.2192933559417725, 2.1818549633026123, 1.8160970211029053, 4.486409902572632, 5.251195192337036, 2.2689919471740723, 2.229090929031372, 2.385111093521118, 1.9640278816223145], "too_near": 0, "fail solver MPC LLM": 0, "motivation": "End simulation: because the position of LLM car is near enough to the the final target.", "Mean time for LLM": 2.6702466377845178}