{"crash": 0, "LLM calls": 7, "elapsed time for LLM": [1.8543710708618164, 2.5299229621887207, 1.7091031074523926, 1.9546620845794678, 1.703887939453125, 2.1938602924346924, 2.3376519680023193], "too_near": 0, "recall due to MPC LLM": 3, "motivation": "End simulation: because the position of LLM car is near enough to the the final target.", "Mean time for LLM": 2.040494203567505}