{"crash": 0, "LLM calls": 25, "elapsed time for LLM": [1.6633429527282715, 2.2551448345184326, 2.3056159019470215, 2.113257884979248, 2.042194128036499, 1.9970428943634033, 2.005790948867798, 1.8059520721435547, 1.9901888370513916, 1.439277172088623, 2.9007530212402344, 1.945162057876587, 2.9974348545074463, 2.3558080196380615, 2.5932581424713135, 3.988502025604248, 2.045775890350342, 3.1629998683929443, 1.8449618816375732, 2.1260600090026855, 4.302757263183594, 2.023867130279541, 1.820007085800171, 2.87980580329895, 1.6135070323944092], "too_near": 12, "recall due to MPC LLM": 19, "motivation": "End simulation: because LLM is called to many times.", "Mean time for LLM": 2.3287387084960938}