{"crash": 0, "TP calls": 3, "OD calls": 3, "elapsed time for LLM": [1.6820509433746338, 1.5601518154144287, 1.8727850914001465, 1.3335449695587158, 0.9088931083679199, 1.3597919940948486], "too_near": 0, "fail solver MPC LLM": 0, "fail solver SF": 0, "fail solver soft SF": 0, "slack SF": [], "motivation": "End simulation: because the position of LLM car is near enough to the the final target.", "Mean time for LLM": 1.4528696537017822}