{"crash": 0, "TP calls": 12, "OD calls": 11, "elapsed time for LLM": [1.8075037002563477, 1.659019947052002, 1.8456666469573975, 1.5986430644989014, 1.5126101970672607, 2.657379150390625, 1.2713942527770996, 1.626121997833252, 1.7236440181732178, 1.365973949432373, 1.226034164428711, 0.9842770099639893, 1.7479147911071777, 1.5026497840881348, 1.6487491130828857, 1.4840548038482666, 2.6132068634033203, 1.955010175704956, 1.2568049430847168, 1.4028198719024658, 1.1610267162322998, 1.3738460540771484, 1.37312912940979], "too_near": 2, "fail solver MPC LLM": 6, "fail solver SF": 1, "fail solver soft SF": 0, "fail solver soft SF psi": 0, "Mean time for LLM": 1.5998904497727104}