{"crash": 0, "TP calls": 3, "OD calls": 3, "elapsed time for LLM": [1.3946928977966309, 1.1334130764007568, 1.244441032409668, 0.9965507984161377, 1.0301530361175537, 1.0483770370483398], "too_near": 0, "fail solver MPC LLM": 0, "fail solver SF": 0, "fail solver soft SF": 0, "slack SF": [], "Mean time for LLM": 1.1412713130315144}