{"crash": 0, "LLM calls": 3, "elapsed time for LLM": [6.212219715118408, 8.011656999588013, 2.4698522090911865], "too_near": 0, "fail solver MPC LLM": 0, "Mean time for LLM": 5.564576307932536}